Pocket_Index,Residues
1,451;481;483;484;485;486;487;497;498;499;500;501
2,457;493;532;534;538;541;563;586
3,61;62;63;67;97;99;253;275;276;277;298;322;323
4,107;111;112;115;116;202;203;204;205;407;450;480
5,486;503;533;564;565;566;567;573;616
6,48;49;50;51;68;73;74;75;87;88;89;90;134;136
7,641;657;658;659;677;679;682;683;684
8,537;538;539;575;576;577;578;582;584
9,58;94;95;96;98;100;114;117;118
10,149;150;151;153;154;157;158;160
11,607;608;670;691;693;695;713
12,663;664;675;676;677;678
13,395;396;419;420;421;440;442
14,43;45;78;80;81;84
15,326;407;408;451;481
16,580;599;600;601;602;620;624;625;626;627;630;631;707
17,152;184;189;214;215;524;525;550
18,103;104;105;106;107;326;327;336;337;338;339;340;408
19,355;356;380;381;382;383;387
20,596;597;599;602;603;604;631;701;707
21,63;64;252;253;271;273
22,153;155;156;175;178;179;180;422;443;445;471;473;519
23,519;545;547;590;592
24,126;227;229;233;237;238;290;293;315;316;364;398
25,669;672;674;686;687;688;690
26,565;573;574;575;576;618;622
27,50;51;52;53;251;269;270;271
28,596;603;604;608;609;610;666;668;671;673;695;697;699
29,234;235;238;240;242;243
30,174;176;177;227;228;229;230;232;233;236;364;397;398;421;422
31,102;103;276;325;333;334;335;336;338
32,3;4;5;6;386;388;459;460;461;462;496;497;498;505;506;507;510;568
33,1;2;3;4;5;6;7;8;9;10;11;340;341;343;356;374;377;378;379;380;382;384;385;386;387;388;389;390;408;410;413;415;416;429;430;433;435;436;437;451;459;461;462;463;487;497;498;500;507;509;510
